{"actions":[],"apps":[{"acl":{"app":[],"field":[],"record":[]},"app":null,"category":{"categories":[],"useCategory":"false"},"form":{"layout":"[{\"id\":null,\"type\":\"ROW\",\"isSubTable\":false,\"var\":null,\"controlList\":[{\"isVirtical\":true,\"styleMap\":{\"width\":120},\"type\":\"RECORD_ID\",\"var\":\"レコード番号\",\"label\":\"レコード番号\"},{\"isVirtical\":true,\"styleMap\":{\"width\":193},\"type\":\"SINGLE_LINE_TEXT\",\"var\":\"functionName\",\"label\":\"設定名\"}]},{\"id\":null,\"type\":\"ROW\",\"isSubTable\":false,\"var\":null,\"controlList\":[{\"isVirtical\":true,\"styleMap\":{\"width\":559},\"type\":\"SINGLE_LINE_TEXT\",\"var\":\"endPointUrl\",\"label\":\"実行エンドポイント\"}]},{\"id\":null,\"type\":\"ROW\",\"isSubTable\":false,\"var\":null,\"controlList\":[{\"isVirtical\":true,\"styleMap\":{\"width\":559},\"type\":\"SINGLE_LINE_TEXT\",\"var\":\"clientID\",\"label\":\"アプリケーションID\"}]},{\"id\":null,\"type\":\"ROW\",\"isSubTable\":false,\"var\":null,\"controlList\":[{\"isVirtical\":true,\"styleMap\":{\"width\":559},\"type\":\"SINGLE_LINE_TEXT\",\"var\":\"secret\",\"label\":\"シークレット\"}]},{\"id\":null,\"type\":\"ROW\",\"isSubTable\":false,\"var\":null,\"controlList\":[{\"styleMap\":{\"width\":547,\"height\":66},\"elementId\":\"getToken\",\"type\":\"SPACER\"}]},{\"id\":null,\"type\":\"ROW\",\"isSubTable\":false,\"var\":null,\"controlList\":[{\"isVirtical\":true,\"styleMap\":{\"width\":559},\"type\":\"SINGLE_LINE_TEXT\",\"var\":\"refreshToken\",\"label\":\"リフレッシュトークン\"}]}]","revision":null},"iconMeta":null,"info":{"code":null,"decimalPrecision":"16","decimalScale":"4","description":"\u003Cdiv\u003E\u003Cbr /\u003E\u003C/div\u003E","enableBulkDeletion":"false","fiscalYearStartMonth":"4","iconKey":"APP83","iconType":"PRESET","jsFiles":null,"jsScope":"ALL","name":"認証管理","roundingMode":"HALF_EVEN","theme":"PLAIN","titleComponentLocalId":"5323246","useComment":"true","useHistory":"true","useThumbnail":"true"},"jsFiles":[{"jsFileMetas":[{"internalName":null,"locationType":"URL","mime":null,"name":null,"url":"https://js.cybozu.com/jquery/2.1.4/jquery.min.js"},{"internalName":null,"locationType":"BLOB","mime":"text/javascript","name":"getToken.js","url":null}],"jsType":"DESKTOP"}],"notification":{"appNotifications":[{"events":["RECORD_COMMENT_ADDED"],"target":{"entityId":"5323234","entityType":"FIELD_ENTITY","includeSubs":"false"}},{"events":["RECORD_COMMENT_ADDED"],"target":{"entityId":"5323235","entityType":"FIELD_ENTITY","includeSubs":"false"}}],"recordNotifications":[],"reminderTimezone":null,"reminders":[],"useComment":"true","useReminder":"false"},"plugin":{"pluginIds":[]},"reports":[],"resource":{"tables":[{"rows":[{"fields":[],"objectId":"0","subObjectId":"-1"}],"type":"AppName"},{"rows":[{"fields":[],"objectId":"0","subObjectId":"-1"}],"type":"AppDescription"},{"rows":[{"fields":[],"objectId":"5323233","subObjectId":"-1"},{"fields":[],"objectId":"5323234","subObjectId":"-1"},{"fields":[],"objectId":"5323235","subObjectId":"-1"},{"fields":[],"objectId":"5323236","subObjectId":"-1"},{"fields":[],"objectId":"5323237","subObjectId":"-1"},{"fields":[],"objectId":"5323238","subObjectId":"-1"},{"fields":[],"objectId":"5323239","subObjectId":"-1"},{"fields":[],"objectId":"5323240","subObjectId":"-1"},{"fields":[],"objectId":"5323241","subObjectId":"-1"},{"fields":[],"objectId":"5323242","subObjectId":"-1"},{"fields":[],"objectId":"5323244","subObjectId":"-1"},{"fields":[],"objectId":"5323246","subObjectId":"-1"},{"fields":[],"objectId":"5323418","subObjectId":"-1"}],"type":"FieldLabel"},{"rows":[{"fields":[],"objectId":"5323421","subObjectId":"-1"},{"fields":[],"objectId":"20","subObjectId":"-1"}],"type":"ViewName"}]},"schema":{"groups":[],"revision":null,"subTable":{},"table":{"fieldList":{"5323233":{"id":"5323233","label":"レコード番号","properties":{"noLabel":"false","required":"true"},"type":"RECORD_ID","var":"レコード番号"},"5323234":{"id":"5323234","label":"更新者","properties":{"noLabel":"false","required":"true"},"type":"MODIFIER","var":"更新者"},"5323235":{"id":"5323235","label":"作成者","properties":{"noLabel":"false","required":"true"},"type":"CREATOR","var":"作成者"},"5323236":{"id":"5323236","label":"更新日時","properties":{"noLabel":"false","required":"true"},"type":"MODIFIED_AT","var":"更新日時"},"5323237":{"id":"5323237","label":"作成日時","properties":{"noLabel":"false","required":"true"},"type":"CREATED_AT","var":"作成日時"},"5323238":{"id":"5323238","label":"ステータス","properties":{"noLabel":"false","required":"false"},"type":"STATUS","var":"ステータス"},"5323239":{"id":"5323239","label":"作業者","properties":{"noLabel":"false","required":"false"},"type":"STATUS_ASSIGNEE","var":"作業者"},"5323240":{"id":"5323240","label":"カテゴリー","properties":{"noLabel":"false","required":"false"},"type":"CATEGORY","var":"カテゴリー"},"5323241":{"id":"5323241","label":"実行エンドポイント","properties":{"defaultValue":"","expression":"","hideExpression":"false","max":null,"min":null,"noLabel":"false","required":"true","unique":"false"},"type":"SINGLE_LINE_TEXT","var":"endPointUrl"},"5323242":{"id":"5323242","label":"アプリケーションID","properties":{"defaultValue":"","expression":"","hideExpression":"false","max":null,"min":null,"noLabel":"false","required":"false","unique":"false"},"type":"SINGLE_LINE_TEXT","var":"clientID"},"5323244":{"id":"5323244","label":"リフレッシュトークン","properties":{"defaultValue":"","expression":"","hideExpression":"false","max":null,"min":null,"noLabel":"false","required":"false","unique":"false"},"type":"SINGLE_LINE_TEXT","var":"refreshToken"},"5323246":{"id":"5323246","label":"設定名","properties":{"defaultValue":"","expression":"","hideExpression":"false","max":null,"min":null,"noLabel":"false","required":"true","unique":"false"},"type":"SINGLE_LINE_TEXT","var":"functionName"},"5323418":{"id":"5323418","label":"シークレット","properties":{"defaultValue":"","expression":"","hideExpression":"false","max":null,"min":null,"noLabel":"false","required":"false","unique":"false"},"type":"SINGLE_LINE_TEXT","var":"secret"}},"id":"1","label":"__ROOT__","var":"__ROOT__"}},"status":{"actions":[],"filters":[],"initialStateId":null,"states":[],"useStatus":"false"},"uuid":"a112a8b2-878b-405a-899e-23d549f8f560","views":[{"advancedMode":"false","builtinType":null,"fields":[{"row":[{"id":"5323246"},{"id":"5323233"},{"id":"5323242"},{"id":"5323241"},{"id":"5323418"},{"id":"5323244"}]}],"filter":{"category":null,"offset":null,"order":["DESC"],"q":null,"size":null,"sort":["f5323233"]},"html":null,"keyFieldId":null,"name":"一覧","pager":null,"revision":null,"titleFieldId":null,"view":"5323421","viewType":"LIST"},{"advancedMode":null,"builtinType":"ALL","fields":[{"row":[{"id":"5323233"},{"id":"5323241"},{"id":"5323242"},{"id":"5323244"},{"id":"5323246"},{"id":"5323418"}]}],"filter":{"category":null,"offset":null,"order":[],"q":null,"size":null,"sort":[]},"html":null,"keyFieldId":null,"name":"（すべて）","pager":null,"revision":null,"titleFieldId":null,"view":"20","viewType":"LIST"}]},{"acl":{"app":[],"field":[],"record":[]},"app":null,"category":{"categories":[],"useCategory":"false"},"form":{"layout":"[{\"id\":null,\"type\":\"ROW\",\"isSubTable\":false,\"var\":null,\"controlList\":[{\"isVirtical\":true,\"styleMap\":{\"width\":193},\"type\":\"SINGLE_LINE_TEXT\",\"var\":\"通知項目\",\"label\":\"通知項目\"}]}]","revision":null},"iconMeta":null,"info":{"code":null,"decimalPrecision":"16","decimalScale":"4","description":"\u003Cdiv\u003E\u003Cbr /\u003E\u003C/div\u003E","enableBulkDeletion":"true","fiscalYearStartMonth":"4","iconKey":"APP39","iconType":"PRESET","jsFiles":null,"jsScope":"ALL","name":"通知発信","roundingMode":"HALF_EVEN","theme":"PLAIN","titleComponentLocalId":null,"useComment":"true","useHistory":"true","useThumbnail":"true"},"jsFiles":[{"jsFileMetas":[{"internalName":null,"locationType":"URL","mime":null,"name":null,"url":"https://js.cybozu.com/jquery/2.1.4/jquery.min.js"},{"internalName":null,"locationType":"URL","mime":null,"name":null,"url":"https://kintone.github.io/kintoneUtility/kintoneUtility.min.js"},{"internalName":null,"locationType":"BLOB","mime":"text/javascript","name":"setPush.js","url":null}],"jsType":"DESKTOP"}],"notification":{"appNotifications":[{"events":["RECORD_COMMENT_ADDED"],"target":{"entityId":"5323223","entityType":"FIELD_ENTITY","includeSubs":"false"}},{"events":["RECORD_COMMENT_ADDED"],"target":{"entityId":"5323224","entityType":"FIELD_ENTITY","includeSubs":"false"}}],"recordNotifications":[],"reminderTimezone":null,"reminders":[],"useComment":"true","useReminder":"false"},"plugin":{"pluginIds":[]},"reports":[],"resource":{"tables":[{"rows":[{"fields":[],"objectId":"0","subObjectId":"-1"}],"type":"AppName"},{"rows":[{"fields":[],"objectId":"0","subObjectId":"-1"}],"type":"AppDescription"},{"rows":[{"fields":[],"objectId":"5323222","subObjectId":"-1"},{"fields":[],"objectId":"5323223","subObjectId":"-1"},{"fields":[],"objectId":"5323224","subObjectId":"-1"},{"fields":[],"objectId":"5323225","subObjectId":"-1"},{"fields":[],"objectId":"5323226","subObjectId":"-1"},{"fields":[],"objectId":"5323227","subObjectId":"-1"},{"fields":[],"objectId":"5323228","subObjectId":"-1"},{"fields":[],"objectId":"5323229","subObjectId":"-1"},{"fields":[],"objectId":"5323230","subObjectId":"-1"}],"type":"FieldLabel"},{"rows":[{"fields":[],"objectId":"20","subObjectId":"-1"}],"type":"ViewName"}]},"schema":{"groups":[],"revision":null,"subTable":{},"table":{"fieldList":{"5323222":{"id":"5323222","label":"レコード番号","properties":{"noLabel":"false","required":"true"},"type":"RECORD_ID","var":"レコード番号"},"5323223":{"id":"5323223","label":"更新者","properties":{"noLabel":"false","required":"true"},"type":"MODIFIER","var":"更新者"},"5323224":{"id":"5323224","label":"作成者","properties":{"noLabel":"false","required":"true"},"type":"CREATOR","var":"作成者"},"5323225":{"id":"5323225","label":"更新日時","properties":{"noLabel":"false","required":"true"},"type":"MODIFIED_AT","var":"更新日時"},"5323226":{"id":"5323226","label":"作成日時","properties":{"noLabel":"false","required":"true"},"type":"CREATED_AT","var":"作成日時"},"5323227":{"id":"5323227","label":"ステータス","properties":{"noLabel":"false","required":"false"},"type":"STATUS","var":"ステータス"},"5323228":{"id":"5323228","label":"作業者","properties":{"noLabel":"false","required":"false"},"type":"STATUS_ASSIGNEE","var":"作業者"},"5323229":{"id":"5323229","label":"カテゴリー","properties":{"noLabel":"false","required":"false"},"type":"CATEGORY","var":"カテゴリー"},"5323230":{"id":"5323230","label":"通知項目","properties":{"defaultValue":"","expression":"","hideExpression":"false","max":null,"min":null,"noLabel":"false","required":"false","unique":"false"},"type":"SINGLE_LINE_TEXT","var":"通知項目"}},"id":"1","label":"__ROOT__","var":"__ROOT__"}},"status":{"actions":[],"filters":[],"initialStateId":null,"states":[],"useStatus":"false"},"uuid":"ee6a3337-a456-413a-ad6b-20e40f3204b4","views":[{"advancedMode":null,"builtinType":"ALL","fields":[{"row":[{"id":"5323222"},{"id":"5323230"}]}],"filter":{"category":null,"offset":null,"order":[],"q":null,"size":null,"sort":[]},"html":null,"keyFieldId":null,"name":"（すべて）","pager":null,"revision":null,"titleFieldId":null,"view":"20","viewType":"LIST"}]}],"description":"","iconKey":"APP83","iconMeta":null,"iconSrcAppId":"a112a8b2-878b-405a-899e-23d549f8f560","iconType":"PRESET","imagesMeta":[],"lookups":[],"name":"kintone-oauth2-mythings","references":[],"version":"20"}